{
  "timestamp": "2026-05-13 06:13:28",
  "n_cases": 12,
  "methods_in_order": [
    "swarm",
    "majority",
    "average",
    "agent-oracle",
    "agent-reliable",
    "agent-novice"
  ],
  "metrics": {
    "swarm": {
      "accuracy": 0.9166666666666666,
      "brier": 0.08585509609918741,
      "log_loss": 0.29504422866592145,
      "n_correct": 11,
      "n_total": 12,
      "n_disputed": 7
    },
    "majority": {
      "accuracy": 0.8333333333333334,
      "brier": 0.16666666666666666,
      "log_loss": 3.453877645038055,
      "n_correct": 10,
      "n_total": 12,
      "n_disputed": 0
    },
    "average": {
      "accuracy": 0.9166666666666666,
      "brier": 0.11836944444444443,
      "log_loss": 0.3853755543390771,
      "n_correct": 11,
      "n_total": 12,
      "n_disputed": 0
    },
    "agent-oracle": {
      "accuracy": 0.8333333333333334,
      "brier": 0.08700833333333334,
      "log_loss": 0.28026217417860727,
      "n_correct": 10,
      "n_total": 12,
      "n_disputed": 0
    },
    "agent-reliable": {
      "accuracy": 0.8333333333333334,
      "brier": 0.11120833333333331,
      "log_loss": 0.34474823245699815,
      "n_correct": 10,
      "n_total": 12,
      "n_disputed": 0
    },
    "agent-novice": {
      "accuracy": 0.6666666666666666,
      "brier": 0.23395833333333338,
      "log_loss": 0.6612492628381709,
      "n_correct": 8,
      "n_total": 12,
      "n_disputed": 0
    }
  },
  "cases": [
    {
      "question": "Did BTC close above $100K on May 5, 2026?",
      "category": "crypto",
      "true_outcome": 0,
      "results": {
        "swarm": {
          "probability": 0.06523501288946248,
          "decision": "NO",
          "correct": true
        },
        "majority": {
          "probability": 0.0,
          "decision": "NO",
          "correct": true
        },
        "average": {
          "probability": 0.19333333333333333,
          "decision": "NO",
          "correct": true
        },
        "agent-oracle": {
          "probability": 0.03,
          "decision": "NO",
          "correct": true
        },
        "agent-reliable": {
          "probability": 0.05,
          "decision": "NO",
          "correct": true
        },
        "agent-novice": {
          "probability": 0.5,
          "decision": "YES",
          "correct": false
        }
      }
    },
    {
      "question": "Will ETH be above $5,000 on June 1, 2026?",
      "category": "crypto",
      "true_outcome": 0,
      "results": {
        "swarm": {
          "probability": 0.34504493893679355,
          "decision": "DISPUTE",
          "correct": true
        },
        "majority": {
          "probability": 1.0,
          "decision": "YES",
          "correct": false
        },
        "average": {
          "probability": 0.4666666666666666,
          "decision": "NO",
          "correct": true
        },
        "agent-oracle": {
          "probability": 0.2,
          "decision": "NO",
          "correct": true
        },
        "agent-reliable": {
          "probability": 0.55,
          "decision": "YES",
          "correct": false
        },
        "agent-novice": {
          "probability": 0.65,
          "decision": "YES",
          "correct": false
        }
      }
    },
    {
      "question": "Did BTC reach an all-time high in 2024?",
      "category": "crypto",
      "true_outcome": 1,
      "results": {
        "swarm": {
          "probability": 0.9462318643437986,
          "decision": "YES",
          "correct": true
        },
        "majority": {
          "probability": 1.0,
          "decision": "YES",
          "correct": true
        },
        "average": {
          "probability": 0.9,
          "decision": "YES",
          "correct": true
        },
        "agent-oracle": {
          "probability": 0.97,
          "decision": "YES",
          "correct": true
        },
        "agent-reliable": {
          "probability": 0.93,
          "decision": "YES",
          "correct": true
        },
        "agent-novice": {
          "probability": 0.8,
          "decision": "YES",
          "correct": true
        }
      }
    },
    {
      "question": "Will the home team win the Saturday derby?",
      "category": "sports",
      "true_outcome": 1,
      "results": {
        "swarm": {
          "probability": 0.6861388677843062,
          "decision": "DISPUTE",
          "correct": true
        },
        "majority": {
          "probability": 1.0,
          "decision": "YES",
          "correct": true
        },
        "average": {
          "probability": 0.64,
          "decision": "YES",
          "correct": true
        },
        "agent-oracle": {
          "probability": 0.72,
          "decision": "YES",
          "correct": true
        },
        "agent-reliable": {
          "probability": 0.65,
          "decision": "YES",
          "correct": true
        },
        "agent-novice": {
          "probability": 0.55,
          "decision": "YES",
          "correct": true
        }
      }
    },
    {
      "question": "Will the #1 seed win their first-round playoff game?",
      "category": "sports",
      "true_outcome": 0,
      "results": {
        "swarm": {
          "probability": 0.5189270061610635,
          "decision": "DISPUTE",
          "correct": false
        },
        "majority": {
          "probability": 1.0,
          "decision": "YES",
          "correct": false
        },
        "average": {
          "probability": 0.6266666666666666,
          "decision": "YES",
          "correct": false
        },
        "agent-oracle": {
          "probability": 0.35,
          "decision": "NO",
          "correct": true
        },
        "agent-reliable": {
          "probability": 0.78,
          "decision": "YES",
          "correct": false
        },
        "agent-novice": {
          "probability": 0.75,
          "decision": "YES",
          "correct": false
        }
      }
    },
    {
      "question": "Will France finish in the top 4 of EURO 2024?",
      "category": "sports",
      "true_outcome": 1,
      "results": {
        "swarm": {
          "probability": 0.7926330003417282,
          "decision": "DISPUTE",
          "correct": true
        },
        "majority": {
          "probability": 1.0,
          "decision": "YES",
          "correct": true
        },
        "average": {
          "probability": 0.7433333333333333,
          "decision": "YES",
          "correct": true
        },
        "agent-oracle": {
          "probability": 0.78,
          "decision": "YES",
          "correct": true
        },
        "agent-reliable": {
          "probability": 0.85,
          "decision": "YES",
          "correct": true
        },
        "agent-novice": {
          "probability": 0.6,
          "decision": "YES",
          "correct": true
        }
      }
    },
    {
      "question": "Will global average temperature anomaly drop below pre-industrial baseline by 2030?",
      "category": "general",
      "true_outcome": 0,
      "results": {
        "swarm": {
          "probability": 0.053140682594083125,
          "decision": "NO",
          "correct": true
        },
        "majority": {
          "probability": 0.0,
          "decision": "NO",
          "correct": true
        },
        "average": {
          "probability": 0.15666666666666668,
          "decision": "NO",
          "correct": true
        },
        "agent-oracle": {
          "probability": 0.02,
          "decision": "NO",
          "correct": true
        },
        "agent-reliable": {
          "probability": 0.05,
          "decision": "NO",
          "correct": true
        },
        "agent-novice": {
          "probability": 0.4,
          "decision": "NO",
          "correct": true
        }
      }
    },
    {
      "question": "Was Paris the host of the 2024 Summer Olympics?",
      "category": "general",
      "true_outcome": 1,